{"initial_reset_timestamp": 1778068045.5068488, "timestamps": [1778068046.228435], "episode_lengths": [148], "episode_rewards": [234.0], "episode_types": ["t"]}