{"initial_reset_timestamp": 1778068029.375398, "timestamps": [1778068030.207001], "episode_lengths": [208], "episode_rewards": [195.0], "episode_types": ["t"]}