{"initial_reset_timestamp": 1778067910.1015286, "timestamps": [1778067910.7630568], "episode_lengths": [136], "episode_rewards": [237.0], "episode_types": ["t"]}