{"initial_reset_timestamp": 1778068076.7749877, "timestamps": [1778068077.6374393], "episode_lengths": [194], "episode_rewards": [210.0], "episode_types": ["t"]}