{"initial_reset_timestamp": 1778067838.2408326, "timestamps": [1778067838.9460208], "episode_lengths": [164], "episode_rewards": [231.0], "episode_types": ["t"]}