{"initial_reset_timestamp": 1778067934.1311364, "timestamps": [1778067959.336847], "episode_lengths": [8019], "episode_rewards": [-417.0], "episode_types": ["t"]}