{"initial_reset_timestamp": 1778068090.8855186, "timestamps": [1778068092.228048], "episode_lengths": [330], "episode_rewards": [612.0], "episode_types": ["t"]}