{"initial_reset_timestamp": 1778067853.8633144, "timestamps": [1778067878.7392967], "episode_lengths": [8019], "episode_rewards": [-21.0], "episode_types": ["t"]}