{"initial_reset_timestamp": 1778067842.8402321, "timestamps": [1778067843.6218805], "episode_lengths": [160], "episode_rewards": [231.0], "episode_types": ["t"]}