{"initial_reset_timestamp": 1778067886.2756343, "timestamps": [1778067886.9943068], "episode_lengths": [160], "episode_rewards": [231.0], "episode_types": ["t"]}