{"initial_reset_timestamp": 1778067998.2364936, "timestamps": [1778067998.9833705], "episode_lengths": [124], "episode_rewards": [251.0], "episode_types": ["t"]}