{"initial_reset_timestamp": 1778068099.5753284, "timestamps": [1778068123.8989868], "episode_lengths": [8019], "episode_rewards": [-455.0], "episode_types": ["t"]}