{"initial_reset_timestamp": 1778068210.222066, "timestamps": [1778068234.2792351], "episode_lengths": [8019], "episode_rewards": [-433.0], "episode_types": ["t"]}