{"initial_reset_timestamp": 1778068067.452189, "timestamps": [1778068068.0800865], "episode_lengths": [118], "episode_rewards": [248.0], "episode_types": ["t"]}