{"initial_reset_timestamp": 1778068005.6864743, "timestamps": [1778068007.2443225], "episode_lengths": [362], "episode_rewards": [97.0], "episode_types": ["t"]}