{"initial_reset_timestamp": 1778068434.708755, "timestamps": [1778068457.5761502], "episode_lengths": [7784], "episode_rewards": [2732.0], "episode_types": ["t"]}