{"initial_reset_timestamp": 1778067705.9705944, "timestamps": [1778067731.7265246], "episode_lengths": [8019], "episode_rewards": [-455.0], "episode_types": ["t"]}