{"initial_reset_timestamp": 1778068256.7554681, "timestamps": [1778068281.233904], "episode_lengths": [8019], "episode_rewards": [-455.0], "episode_types": ["t"]}