{"initial_reset_timestamp": 1778068145.8682022, "timestamps": [1778068170.6416607], "episode_lengths": [8019], "episode_rewards": [-339.0], "episode_types": ["t"]}