{"initial_reset_timestamp": 1778067745.7159975, "timestamps": [1778067768.994803], "episode_lengths": [8019], "episode_rewards": [-455.0], "episode_types": ["t"]}